38.0, 52.0, -2.0029215894971966, 0.001
38.0, 52.0, -0.11500998399116691, 0.001
39.0, 44.0, -1.3501597843156532, 0.001
39.0, 45.0, 3.046720437852912, 0.001
39.0, 46.0, -0.6780097587910752, 0.001
39.0, 53.0, 2.1603951403123336, 0.001
39.0, 58.0, -1.0248944175960344, 0.001
39.0, 59.0, -1.696841352817783, 0.001
39.0, 59.0, 1.3225155797262835, 0.001
40.0, 41.0, -0.6031704397967014, 0.001
40.0, 44.0, -2.3010712049010413, 0.001
40.0, 48.0, 1.7053158225875602, 0.001
40.0, 54.0, 0.4454818173085069, 0.001
40.0, 59.0, -0.5131316900709292, 0.001
40.0, 61.0, 2.6876065647257827, 0.001
41.0, 38.0, 1.6644249196376515, 0.001
41.0, 41.0, 0.8907176281117998, 0.001
41.0, 44.0, -2.6589839251741316, 0.001
41.0, 45.0, 0.44669843927664865, 0.001
41.0, 50.0, -0.6012861403797125, 0.001
41.0, 54.0, -2.9007771279049717, 0.001
41.0, 54.0, 1.9891331145904663, 0.001
41.0, 60.0, 0.989342873761107, 0.001
41.0, 61.0, -0.37972331122177494, 0.001
41.0, 61.0, 1.0742787939667144, 0.001
41.0, 61.0, 1.3838064420066394, 0.001
41.0, 62.0, -2.4906910745594626, 0.001
41.0, 65.0, 2.931896714420126, 0.001
42.0, 43.0, -2.7658192901598397, 0.001
42.0, 43.0, -2.6481485922589143, 0.001
42.0, 45.0, 2.2499918010208053, 0.001
42.0, 47.0, -0.19161894171150215, 0.001
42.0, 52.0, 0.6008112494163403, 0.001
42.0, 53.0, -1.8206287282588585, 0.001
42.0, 56.0, -0.2288190320947643, 0.001
42.0, 67.0, 3.1284857064962095, 0.001
42.0, 68.0, -0.65319005682786, 0.001
43.0, 37.0, 2.943802894828566, 0.001
43.0, 38.0, -0.018305903183883972, 0.001
43.0, 42.0, -1.086475969347337, 0.001
43.0, 47.0, -0.6687694626432913, 0.001
43.0, 49.0, 0.7547902590107642, 0.001
43.0, 50.0, -0.833642861069581, 0.001
43.0, 53.0, 2.45646221542106, 0.001
43.0, 59.0, -1.4015324932019662, 0.001
43.0, 61.0, -1.607213193942464, 0.001
43.0, 69.0, -2.9608908806802257, 0.001
43.0, 69.0, 1.130755505453948, 0.001
44.0, 45.0, 2.778489169438469, 0.001
44.0, 46.0, -0.9723751489180025, 0.001
44.0, 53.0, -0.3670379415390605, 0.001
44.0, 53.0, 0.4168611614871193, 0.001
44.0, 54.0, -1.1942455349964483, 0.001
44.0, 58.0, -2.7139953925202875, 0.001
44.0, 60.0, -1.0213048066261206, 0.001
44.0, 61.0, -1.3132828954502107, 0.001
44.0, 67.0, 2.7638610334930944, 0.001
44.0, 70.0, 0.31570186254539906, 0.001
45.0, 33.0, -2.2067961279110864, 0.001
45.0, 34.0, 0.7119887636679801, 0.001
45.0, 46.0, -1.0689155455133568, 0.001
45.0, 51.0, -0.22223760718687766, 0.001
45.0, 51.0, 0.02404109257496177, 0.001
45.0, 51.0, 2.196089216714445, 0.001
45.0, 53.0, 2.5586850223594215, 0.001
45.0, 58.0, 1.4040896650157737, 0.001
45.0, 58.0, 2.2787477823756155, 0.001
45.0, 59.0, -2.5301024600090587, 0.001
45.0, 60.0, -2.8285495129361293, 0.001
45.0, 63.0, 2.159142635084016, 0.001
45.0, 70.0, -1.4653449938131549, 0.001
46.0, 32.0, -2.7088278857269117, 0.001
46.0, 32.0, 2.679343469479381, 0.001
46.0, 36.0, 2.15942763753186, 0.001
46.0, 38.0, -0.6300029800505519, 0.001
46.0, 46.0, 0.4222592458940365, 0.001
46.0, 52.0, 0.5768774755871852, 0.001
46.0, 54.0, -2.1581763264364238, 0.001
46.0, 58.0, -2.083814464976834, 0.001
46.0, 62.0, 2.415346132605996, 0.001
46.0, 63.0, -0.28298487042127923, 0.001
47.0, 32.0, 1.8242990523818243, 0.001
47.0, 34.0, -0.897736091728597, 0.001
47.0, 37.0, -1.7315723752530559, 0.001
47.0, 38.0, 2.3842308361997073, 0.001
47.0, 44.0, -1.6512198144506969, 0.001
47.0, 44.0, 2.2913731276760125, 0.001
47.0, 46.0, 1.3103931941594977, 0.001
47.0, 47.0, -1.146354244557744, 0.001
47.0, 48.0, -0.12446653121540181, 0.001
47.0, 49.0, -1.3712314366916447, 0.001
47.0, 50.0, -1.88003983706585, 0.001
47.0, 66.0, -2.3639400103431725, 0.001
47.0, 69.0, 0.18945426502203666, 0.001
47.0, 72.0, 0.20260167816883257, 0.001
47.0, 75.0, 0.3230120697864634, 0.001
48.0, 28.0, -2.435409276223622, 0.001
48.0, 36.0, 2.271802953138926, 0.001
48.0, 40.0, 2.4178184759041232, 0.001
48.0, 46.0, 3.0107245129324562, 0.001
48.0, 50.0, -1.577771969774112, 0.001
48.0, 53.0, 1.1617572277011474, 0.001
48.0, 55.0, -2.2139572781110557, 0.001
48.0, 58.0, 0.5152615427255759, 0.001
48.0, 63.0, -2.2650819932299053, 0.001
48.0, 67.0, 1.8615252970777096, 0.001
48.0, 69.0, 1.6083038172560122, 0.001
48.0, 72.0, -2.159225725974157, 0.001
48.0, 72.0, -0.5595467885620807, 0.001
48.0, 72.0, 1.6100183221580837, 0.001
49.0, 30.0, -2.0156936749002825, 0.001
49.0, 43.0, -0.03369894932890128, 0.001
49.0, 49.0, 0.1659849362643825, 0.001
49.0, 50.0, 0.9090396394280812, 0.001
49.0, 51.0, 0.13911384799723833, 0.001
49.0, 52.0, 0.9838718376930337, 0.001
49.0, 57.0, 1.4858345993617073, 0.001
49.0, 63.0, 2.52077468707028, 0.001
49.0, 65.0, -2.828923799885088, 0.001
49.0, 75.0, 0.835694496737941, 0.001
49.0, 76.0, -2.5102619756181856, 0.001
50.0, 27.0, 0.03992242643459604, 0.001
50.0, 29.0, -2.9265311955624913, 0.001
50.0, 33.0, 3.081900198608599, 0.001
50.0, 35.0, 0.46620422917770205, 0.001
50.0, 43.0, -2.808375831243933, 0.001
50.0, 53.0, -0.5576568021567944, 0.001
50.0, 54.0, -2.279346003883144, 0.001
50.0, 56.0, -1.4900233990569047, 0.001
50.0, 60.0, -2.6927145620764565, 0.001
50.0, 60.0, -1.7999186616350387, 0.001
50.0, 62.0, 2.8980986578926213, 0.001
50.0, 67.0, -2.167378473201549, 0.001
50.0, 68.0, 2.7067678850223875, 0.001
50.0, 69.0, -0.7242107124201117, 0.001
50.0, 70.0, -2.041755252022124, 0.001
50.0, 73.0, 1.990137061396168, 0.001
50.0, 78.0, -1.7381669129509034, 0.001
51.0, 29.0, 1.6030070627742101, 0.001
51.0, 37.0, 0.8449889320254317, 0.001
51.0, 45.0, 2.982897253776732, 0.001
51.0, 46.0, -2.351825313472201, 0.001
51.0, 48.0, 0.2909459521337281, 0.001
51.0, 52.0, -2.416984166331375, 0.001
51.0, 52.0, -1.4976552535737697, 0.001
51.0, 61.0, -2.331623415221949, 0.001
51.0, 62.0, -2.2561796999030936, 0.001
51.0, 66.0, -3.1062510825139036, 0.001
51.0, 74.0, 0.17999279173015442, 0.001
51.0, 75.0, 2.5179489916508597, 0.001
51.0, 76.0, 2.577302205242713, 0.001
52.0, 27.0, -0.7523028201983561, 0.001
52.0, 35.0, -0.04184335647714939, 0.001
52.0, 36.0, 2.422640643948404, 0.001
52.0, 40.0, -2.86911591615081, 0.001
52.0, 41.0, 1.3554358942816969, 0.001
52.0, 48.0, -0.01364002379231562, 0.001
52.0, 50.0, -2.618908595571911, 0.001
52.0, 53.0, 0.4017293554632873, 0.001
52.0, 53.0, 1.0165909637207355, 0.001
52.0, 56.0, -1.5773027881643185, 0.001
52.0, 58.0, -1.1837674671812086, 0.001
52.0, 60.0, -0.4598472290429728, 0.001
52.0, 60.0, 1.801111163167483, 0.001
52.0, 61.0, -1.1949662824502787, 0.001
52.0, 69.0, -2.6914579912713044, 0.001
52.0, 75.0, -1.9580615912175552, 0.001
52.0, 75.0, -1.6256325106460492, 0.001
52.0, 77.0, -2.7710999101087834, 0.001
52.0, 78.0, -1.3485064207246025, 0.001
53.0, 24.0, 1.3363423856625216, 0.001
53.0, 25.0, 2.3474462478570364, 0.001
53.0, 45.0, -0.010764580617326538, 0.001
53.0, 45.0, 2.0992224567634885, 0.001
53.0, 47.0, 0.5450702460548037, 0.001
53.0, 48.0, 1.6290718964002675, 0.001
53.0, 49.0, -1.6938263649670815, 0.001
53.0, 49.0, 1.9173885335208216, 0.001
53.0, 50.0, 1.5013519478318758, 0.001
53.0, 52.0, -0.30219538772917093, 0.001
53.0, 56.0, 2.5819579867797793, 0.001
53.0, 57.0, -0.3289341268365698, 0.001
53.0, 62.0, 3.0875632539194915, 0.001
53.0, 71.0, 0.7387388872874984, 0.001
53.0, 80.0, 1.2896904201174477, 0.001
54.0, 26.0, -1.6470797977889298, 0.001
54.0, 32.0, 2.830533613608256, 0.001
54.0, 35.0, 1.7545112783043004, 0.001
54.0, 39.0, 3.063631061671327, 0.001
54.0, 41.0, -2.707918704444009, 0.001
54.0, 42.0, 0.25679851464949743, 0.001
54.0, 44.0, 2.0523211628705718, 0.001
54.0, 48.0, -1.0473484113741436, 0.001
54.0, 48.0, 1.7721439647115258, 0.001
54.0, 52.0, 0.47051090866529843, 0.001
54.0, 54.0, -1.4068754606242493, 0.001
54.0, 56.0, -1.906242706000471, 0.001
54.0, 56.0, 1.889084340265074, 0.001
54.0, 59.0, -2.3163061291857145, 0.001
54.0, 69.0, 2.1912780812077335, 0.001
54.0, 70.0, 1.6605829199162314, 0.001
54.0, 72.0, -0.5647155447133081, 0.001
54.0, 74.0, -1.1556488997000613, 0.001
54.0, 74.0, 1.0408648416395545, 0.001
54.0, 76.0, -2.9032150889052146, 0.001
54.0, 79.0, -2.6823771559287177, 0.001
55.0, 23.0, -0.7447406336937795, 0.001
55.0, 23.0, 2.2028488755674887, 0.001
55.0, 24.0, 2.3797978083828992, 0.001
55.0, 25.0, -1.6968338792205304, 0.001
55.0, 25.0, -1.2131062066254479, 0.001
55.0, 26.0, 1.06743092677617, 0.001
55.0, 30.0, 1.5924161034774396, 0.001
55.0, 37.0, 1.8664688717973832, 0.001
55.0, 40.0, -0.9986650638720277, 0.001
55.0, 40.0, 2.3052881474529645, 0.001
55.0, 46.0, -2.519447775696592, 0.001
55.0, 47.0, 0.6393845232186278, 0.001
55.0, 63.0, -0.8370029252441142, 0.001
55.0, 68.0, -2.3402721915390536, 0.001
55.0, 70.0, -0.85102079623118, 0.001
55.0, 70.0, 1.5766914023338856, 0.001
55.0, 75.0, 2.6758208914422137, 0.001
55.0, 77.0, -0.4363755170028201, 0.001
55.0, 78.0, -2.836899076512143, 0.001
55.0, 81.0, -1.6061916675669388, 0.001
56.0, 27.0, -1.296437751575722, 0.001
56.0, 29.0, -2.58906691784914, 0.001
56.0, 29.0, -2.0756667691190502, 0.001
56.0, 33.0, -2.5671340069086037, 0.001
56.0, 34.0, -1.4710911531379678, 0.001
56.0, 35.0, -2.5081328688588913, 0.001
56.0, 39.0, 0.995372305166826, 0.001
56.0, 39.0, 1.0117947253207409, 0.001
56.0, 42.0, 0.32526582191506764, 0.001
56.0, 49.0, -0.3944260076384402, 0.001
56.0, 49.0, 1.1428492209562586, 0.001
56.0, 51.0, -0.13145186471001238, 0.001
56.0, 52.0, 0.2293058460753877, 0.001
56.0, 61.0, 2.412037973719712, 0.001
56.0, 64.0, 3.01074424223513, 0.001
56.0, 70.0, -2.560146497032604, 0.001
56.0, 70.0, 1.2320829866459833, 0.001
56.0, 75.0, -2.1821412646099714, 0.001
56.0, 75.0, 1.1247142792836449, 0.001
56.0, 81.0, -2.999138973886476, 0.001
56.0, 82.0, -2.9046799360375, 0.001
57.0, 73.0, 0.5913673983111377, 0.001
57.0, 77.0, -2.5548456906088046, 0.001
57.0, 78.0, 0.969881553718989, 0.001
57.0, 79.0, 3.026567187664395, 0.001
58.0, 74.0, -0.6472010279454685, 0.001
59.0, 78.0, 2.0043827163539887, 0.001
59.0, 79.0, 2.3816913774315407, 0.001
60.0, 82.0, -2.9818188271406822, 0.001
60.0, 82.0, -1.2955592514535383, 0.001
61.0, 39.0, 0.28002706258908816, 0.001
61.0, 40.0, -0.11061730287024737, 0.001
61.0, 43.0, -0.4149364233711131, 0.001
61.0, 45.0, 1.9670524829924363, 0.001
61.0, 46.0, 1.5547998844118978, 0.001
61.0, 50.0, 1.904996602060903, 0.001
61.0, 51.0, 2.1037127936851165, 0.001
61.0, 54.0, -0.3401320306555217, 0.001
61.0, 54.0, 1.8134985141096174, 0.001
61.0, 58.0, -1.9801446774150704, 0.001
61.0, 61.0, -2.09348388172522, 0.001
61.0, 63.0, 1.4165438905186816, 0.001
61.0, 68.0, 0.4300603205157566, 0.001
61.0, 72.0, 2.316137611828882, 0.001
61.0, 79.0, -2.7802728927492906, 0.001
61.0, 79.0, -0.1258286705359368, 0.001
61.0, 79.0, 1.6521186088442221, 0.001
61.0, 83.0, 2.693357212973307, 0.001
62.0, 20.0, -1.2508277474208882, 0.001
62.0, 21.0, -2.283649937761394, 0.001
62.0, 24.0, 2.2296248608478253, 0.001
62.0, 24.0, 2.847810443674829, 0.001
62.0, 27.0, 1.8222215057022553, 0.001
62.0, 28.0, -1.8661116831836626, 0.001
62.0, 28.0, 2.923180872357126, 0.001
62.0, 39.0, -2.2552253924500145, 0.001
62.0, 40.0, -0.6776647007203122, 0.001
62.0, 42.0, 2.863033838842855, 0.001
62.0, 44.0, -1.3329314641934096, 0.001
62.0, 48.0, -2.065722733731214, 0.001
62.0, 60.0, 2.0608412251691433, 0.001
62.0, 61.0, 1.9124466923892072, 0.001
62.0, 62.0, 1.9413273974372944, 0.001
62.0, 67.0, -0.6261424788712, 0.001
62.0, 71.0, 0.22840275398135704, 0.001
62.0, 71.0, 0.9133097848324985, 0.001
62.0, 72.0, 1.2647925531052597, 0.001
62.0, 73.0, 0.18776125253458495, 0.001
62.0, 77.0, -2.8641015782248065, 0.001
62.0, 78.0, -1.0103706166450828, 0.001
62.0, 80.0, 1.353312767969356, 0.001
62.0, 84.0, 0.41430610808968377, 0.001
62.0, 84.0, 1.3219605032472537, 0.001
62.0, 85.0, -0.4889820486799105, 0.001
63.0, 21.0, 0.4422528066938064, 0.001
63.0, 27.0, 1.1255602542294487, 0.001
63.0, 28.0, 1.305678115160828, 0.001
63.0, 40.0, -0.4588799321962945, 0.001
63.0, 43.0, -0.7417156473710321, 0.001
63.0, 43.0, 0.8228237679464583, 0.001
63.0, 47.0, -2.465595115572109, 0.001
63.0, 51.0, -2.037151067948277, 0.001
63.0, 51.0, -1.1478511927331634, 0.001
63.0, 53.0, 2.4467747127886548, 0.001
63.0, 54.0, 1.8286985742201745, 0.001
63.0, 54.0, 2.757177776992901, 0.001
63.0, 59.0, 1.4420864644302827, 0.001
63.0, 65.0, -0.21629944763566292, 0.001
63.0, 77.0, -1.8107627137737083, 0.001
63.0, 80.0, -0.7354075650068058, 0.001
63.0, 80.0, 1.8989992436606307, 0.001
63.0, 84.0, -2.6672852587879516, 0.001
63.0, 84.0, 0.347095789949824, 0.001
64.0, 41.0, -2.3055410650264925, 0.001
64.0, 42.0, 1.5746435075767538, 0.001
64.0, 44.0, -1.817158281277151, 0.001
64.0, 46.0, 2.9363531650896504, 0.001
64.0, 53.0, -0.4020187885001024, 0.001
64.0, 53.0, 2.7944052724050663, 0.001
64.0, 62.0, 1.9575747702336166, 0.001
64.0, 65.0, -3.139810838213734, 0.001
64.0, 67.0, -2.925553201092132, 0.001
64.0, 68.0, -2.2581341291352475, 0.001
64.0, 68.0, -2.1041975824258707, 0.001
64.0, 69.0, -1.770107170051116, 0.001
64.0, 80.0, 1.4700805130545778, 0.001
64.0, 82.0, -2.8819563657179885, 0.001
64.0, 83.0, 1.0666792643354834, 0.001
64.0, 83.0, 3.088538670148793, 0.001
65.0, 19.0, -2.044593877545481, 0.001
65.0, 27.0, -2.106493333788873, 0.001
65.0, 45.0, -1.8879268303626051, 0.001
65.0, 55.0, 2.7689715011070617, 0.001
65.0, 61.0, -1.6171591792801414, 0.001
65.0, 65.0, -1.755157575668937, 0.001
65.0, 70.0, -1.9938194168287944, 0.001
65.0, 70.0, 2.706404744976108, 0.001
65.0, 75.0, 0.6936801344185227, 0.001
65.0, 75.0, 2.753001524453776, 0.001
65.0, 78.0, -2.6111281845777237, 0.001
65.0, 82.0, 2.5912448687130527, 0.001
66.0, 20.0, 1.3262862657900776, 0.001
66.0, 22.0, -0.1159180172936879, 0.001
66.0, 22.0, 2.8923304071361775, 0.001
66.0, 23.0, -2.965632273952699, 0.001
66.0, 31.0, -3.01883381753453, 0.001
66.0, 32.0, 3.0118354966341707, 0.001
66.0, 37.0, 1.873662998583563, 0.001
66.0, 40.0, -1.811638743529703, 0.001
66.0, 41.0, 0.39731679327612746, 0.001
66.0, 45.0, -1.5718231794192261, 0.001
66.0, 50.0, -3.1363197823658133, 0.001
66.0, 51.0, 2.3114455462866954, 0.001
66.0, 56.0, 2.262483924001737, 0.001
66.0, 59.0, 1.9757714993830606, 0.001
66.0, 60.0, 0.30362315801410167, 0.001
66.0, 69.0, 1.6475650402043036, 0.001
66.0, 84.0, 0.7571593805694004, 0.001
67.0, 19.0, -1.374056181903342, 0.001
67.0, 21.0, -0.3769382906986263, 0.001
67.0, 32.0, 1.5409455740850118, 0.001
67.0, 37.0, 1.2481323806362505, 0.001
67.0, 40.0, 0.33621742455387893, 0.001
67.0, 42.0, -2.2801560185877947, 0.001
67.0, 48.0, 2.8666529616974645, 0.001
67.0, 53.0, -0.1298378392824338, 0.001
67.0, 66.0, -1.4465160934975687, 0.001
67.0, 66.0, -1.244322394818054, 0.001
67.0, 71.0, -1.4283578235419772, 0.001
67.0, 74.0, -0.5566732926667717, 0.001
67.0, 74.0, -0.2295674818853263, 0.001
67.0, 81.0, 2.1649718996452343, 0.001
67.0, 82.0, -1.6589828496939678, 0.001
67.0, 85.0, 1.168297586237107, 0.001
68.0, 18.0, 0.03363546158818313, 0.001
68.0, 18.0, 1.6761385174200927, 0.001
68.0, 25.0, -0.41251513983327176, 0.001
68.0, 27.0, 2.349506833234124, 0.001
68.0, 29.0, -0.9252317823539067, 0.001
68.0, 30.0, -1.74497290363108, 0.001
68.0, 36.0, 1.7246398897099553, 0.001
68.0, 40.0, -0.6452646194134408, 0.001
68.0, 44.0, -1.9635838463227893, 0.001
68.0, 45.0, -0.5278240946544602, 0.001
68.0, 56.0, -0.8907929311951576, 0.001
68.0, 58.0, -2.041008364784742, 0.001
68.0, 64.0, -0.29320435750621265, 0.001
68.0, 65.0, -0.3523096959858532, 0.001
68.0, 69.0, -1.917008647999792, 0.001
68.0, 85.0, -0.7228509610080045, 0.001
69.0, 19.0, -0.6196849854456904, 0.001
69.0, 23.0, 2.690060982347697, 0.001
69.0, 25.0, 0.9620561527361305, 0.001
69.0, 33.0, 0.2461198764827436, 0.001
69.0, 33.0, 1.434092208964485, 0.001
69.0, 35.0, -2.1253785471467292, 0.001
69.0, 36.0, 2.1529674938814307, 0.001
69.0, 42.0, -1.7431320159438282, 0.001
69.0, 44.0, -0.0004995141492192185, 0.001
69.0, 44.0, 0.3460400700886469, 0.001
69.0, 45.0, -1.1144214750089954, 0.001
69.0, 46.0, 3.1350413074530463, 0.001
69.0, 51.0, 1.094351114571542, 0.001
69.0, 55.0, 1.4495013038933577, 0.001
69.0, 58.0, 0.25947880763674397, 0.001
69.0, 61.0, -1.1127563735402923, 0.001
69.0, 70.0, 2.0163902251651393, 0.001
69.0, 76.0, -0.6317300105652093, 0.001
69.0, 80.0, -0.9689756482777894, 0.001
69.0, 80.0, 0.183201177697889, 0.001
69.0, 81.0, 1.5837821697086873, 0.001
69.0, 85.0, 1.0658507408742421, 0.001
69.0, 86.0, -2.2046482511837118, 0.001
70.0, 18.0, -0.27694377489058997, 0.001
70.0, 20.0, 2.858584986667483, 0.001
70.0, 22.0, -2.338982316521283, 0.001
70.0, 24.0, 0.6984075224800337, 0.001
70.0, 25.0, -1.4192443861303035, 0.001
70.0, 29.0, -3.104697613915667, 0.001
70.0, 29.0, 1.59793946481883, 0.001
70.0, 30.0, 1.5678423896401228, 0.001
70.0, 33.0, -2.8071474555516205, 0.001
70.0, 35.0, 0.6928566803720082, 0.001
70.0, 35.0, 0.7410216504005965, 0.001
70.0, 35.0, 1.8454071649744765, 0.001
70.0, 39.0, -2.5421180080180554, 0.001
70.0, 39.0, -1.971495102160696, 0.001
70.0, 43.0, -1.652215688123169, 0.001
70.0, 47.0, 2.2733516695747933, 0.001
70.0, 49.0, 2.924641001258008, 0.001
70.0, 51.0, 0.7990636563706248, 0.001
70.0, 52.0, -1.9970259593119273, 0.001
70.0, 54.0, 2.9711613956370555, 0.001
70.0, 58.0, 1.4366225387024167, 0.001
70.0, 67.0, 0.7461679585360527, 0.001
70.0, 69.0, -0.33675678954930577, 0.001
70.0, 73.0, 3.137012840109766, 0.001
71.0, 18.0, -0.7946507622825542, 0.001
71.0, 20.0, -3.078021212566151, 0.001
71.0, 21.0, -1.9998709827340748, 0.001
71.0, 26.0, -2.6069382411339945, 0.001
71.0, 34.0, -0.018613001216403958, 0.001
71.0, 35.0, -2.078063494826164, 0.001
71.0, 36.0, 0.05933692948003271, 0.001
71.0, 38.0, -1.866367196553079, 0.001
71.0, 43.0, -2.7929054108370823, 0.001
71.0, 43.0, 1.7934118140530004, 0.001
71.0, 52.0, -2.9235329646989934, 0.001
71.0, 52.0, -0.743952925058499, 0.001
71.0, 53.0, 1.5862359616183457, 0.001
71.0, 58.0, -1.169733974206694, 0.001
71.0, 58.0, 0.2526238233445536, 0.001
71.0, 59.0, 1.793545799634384, 0.001
71.0, 62.0, 2.2788504432529146, 0.001
71.0, 64.0, 1.2689350443441483, 0.001
71.0, 66.0, -0.7459855947719914, 0.001
71.0, 69.0, 2.159152509068285, 0.001
71.0, 77.0, 1.6454909969655311, 0.001
71.0, 78.0, 0.1829568137017732, 0.001
71.0, 81.0, -2.063074663870131, 0.001
71.0, 81.0, 0.04414904620150623, 0.001
71.0, 84.0, -2.368261006893728, 0.001
72.0, 18.0, 0.38192750869071734, 0.001
72.0, 25.0, -1.9872937030748559, 0.001
72.0, 27.0, 1.572879202448027, 0.001
72.0, 28.0, -1.4113883113114625, 0.001
72.0, 28.0, 1.4099570610935561, 0.001
72.0, 30.0, 1.3561608075292564, 0.001
72.0, 39.0, 1.8697710976472128, 0.001
72.0, 41.0, 1.9973990097987049, 0.001
72.0, 43.0, 0.6073858296628287, 0.001
72.0, 48.0, 1.7915875919113975, 0.001
72.0, 58.0, -0.3751688197363444, 0.001
72.0, 60.0, 0.42127610662659476, 0.001
72.0, 62.0, 1.0653137307420788, 0.001
72.0, 65.0, 2.5440154037262257, 0.001
72.0, 72.0, 1.0050999521839252, 0.001
72.0, 74.0, 2.88294220197793, 0.001
72.0, 75.0, 1.5669620808466458, 0.001
73.0, 20.0, -3.05849235018691, 0.001
73.0, 21.0, -0.8465823659869611, 0.001
73.0, 26.0, -3.100300501312733, 0.001
73.0, 39.0, -2.7638367110705087, 0.001
73.0, 42.0, 2.0615161249362943, 0.001
73.0, 47.0, -0.8091028667861665, 0.001
73.0, 52.0, -3.0088043794466675, 0.001
73.0, 52.0, 2.183453691700804, 0.001
73.0, 53.0, -0.7133200877690854, 0.001
73.0, 62.0, -2.6479539738748317, 0.001
73.0, 62.0, -1.6273705292673002, 0.001
73.0, 63.0, 1.8374360462645585, 0.001
73.0, 66.0, 1.2480327478760143, 0.001
73.0, 67.0, -0.4543861187787206, 0.001
73.0, 67.0, 1.0793394003893924, 0.001
73.0, 67.0, 2.909384439480554, 0.001
73.0, 70.0, -2.64822256780061, 0.001
73.0, 70.0, 1.2839149491943118, 0.001
73.0, 77.0, -2.269029006161989, 0.001
73.0, 81.0, -2.3603142952242213, 0.001
73.0, 86.0, -1.9842024634882818, 0.001
74.0, 19.0, -3.1157068613708514, 0.001
74.0, 27.0, 1.2310824034191425, 0.001
74.0, 27.0, 2.4961216897059395, 0.001
74.0, 30.0, -2.0490631405625073, 0.001
74.0, 35.0, -1.7777657522319428, 0.001
74.0, 36.0, -0.7410215400906981, 0.001
74.0, 41.0, -1.5944904078717328, 0.001
74.0, 50.0, 0.8562014088636727, 0.001
74.0, 56.0, 0.09720321955399609, 0.001
74.0, 57.0, 1.9895223929899224, 0.001
74.0, 58.0, -2.0646478032462023, 0.001
74.0, 61.0, -1.1321343222634714, 0.001
74.0, 61.0, 0.2532845486870045, 0.001
74.0, 66.0, -1.7919667162184607, 0.001
74.0, 71.0, 2.492828070803227, 0.001
74.0, 73.0, 0.42114144123763064, 0.001
74.0, 75.0, 0.6523819663153728, 0.001
74.0, 80.0, 1.146136893355396, 0.001
74.0, 82.0, 0.22940352737306596, 0.001
74.0, 84.0, -2.7410296763022086, 0.001
75.0, 20.0, -0.2954226552764063, 0.001
75.0, 20.0, 0.26947248468601126, 0.001
75.0, 22.0, 0.4503171601415179, 0.001
75.0, 24.0, 2.819972275019387, 0.001
75.0, 26.0, 2.076307876535857, 0.001
75.0, 27.0, -0.8052781598948265, 0.001
75.0, 27.0, 1.8993861734380382, 0.001
75.0, 28.0, -2.8732347676423418, 0.001
75.0, 29.0, 2.9788123298736675, 0.001
75.0, 30.0, 1.6383879744311267, 0.001
75.0, 33.0, -1.8588423633426288, 0.001
75.0, 36.0, 1.440986021718736, 0.001
75.0, 39.0, 2.9805473162416134, 0.001
75.0, 42.0, -0.571327054126285, 0.001
75.0, 44.0, 0.13886183957810838, 0.001
75.0, 50.0, 1.577257912804141, 0.001
75.0, 64.0, 2.537184978414637, 0.001
75.0, 68.0, -2.0786018751836615, 0.001
75.0, 69.0, 0.4525399982850754, 0.001
75.0, 72.0, -2.4483926170572023, 0.001
75.0, 78.0, 2.07649596465909, 0.001
75.0, 79.0, -2.589783088634844, 0.001
75.0, 79.0, 1.7265403179827434, 0.001
76.0, 21.0, 1.278469256619803, 0.001
76.0, 21.0, 2.7912158919876284, 0.001
76.0, 25.0, 1.2185892443810074, 0.001
76.0, 29.0, 2.6996358150428823, 0.001
76.0, 30.0, -1.155337030282106, 0.001
76.0, 30.0, -0.5634478915445313, 0.001
76.0, 32.0, -0.37709421361740797, 0.001
76.0, 33.0, 1.0482204487739297, 0.001
76.0, 41.0, -1.7463579976958465, 0.001
76.0, 47.0, 2.870133267330389, 0.001
76.0, 53.0, 2.1739334981993537, 0.001
76.0, 54.0, -1.4207466649186347, 0.001
76.0, 56.0, 1.414398788492446, 0.001
76.0, 57.0, -2.1493632675850205, 0.001
76.0, 58.0, -1.6391431510289787, 0.001
76.0, 59.0, -1.337947595072538, 0.001
76.0, 66.0, 2.4528794347357277, 0.001
76.0, 73.0, -0.08335832145754772, 0.001
76.0, 74.0, 1.6392126082877752, 0.001
76.0, 82.0, -0.8600744856387916, 0.001
77.0, 20.0, 2.5623507918578845, 0.001
77.0, 22.0, -2.25870509412991, 0.001
77.0, 26.0, -2.1817573630755214, 0.001
77.0, 27.0, 2.5079532936998907, 0.001
77.0, 31.0, -2.2639002365031597, 0.001
77.0, 31.0, -0.5983086219439014, 0.001
77.0, 32.0, -1.1145754510588346, 0.001
77.0, 32.0, 1.6694312227525527, 0.001
77.0, 35.0, 1.9132217368032214, 0.001
77.0, 37.0, -0.4337051950171816, 0.001
77.0, 40.0, -1.8536009917139338, 0.001
77.0, 44.0, -0.28315001521010996, 0.001
77.0, 54.0, 2.2323725193871113, 0.001
77.0, 57.0, 2.6304959611894674, 0.001
77.0, 59.0, -2.9728785887750884, 0.001
77.0, 59.0, -0.15134104944724217, 0.001
77.0, 60.0, 1.93316848283123, 0.001
77.0, 63.0, -0.4368652828537862, 0.001
77.0, 68.0, 1.9156327793520336, 0.001
77.0, 69.0, 0.036720267738870896, 0.001
77.0, 69.0, 1.870907861967817, 0.001
77.0, 69.0, 3.028575127373501, 0.001
77.0, 74.0, 0.5130341954154812, 0.001
77.0, 75.0, -1.67297096887422, 0.001
77.0, 79.0, 2.4195301040986017, 0.001
78.0, 19.0, -1.1857112495898883, 0.001
78.0, 26.0, 1.744790471886653, 0.001
78.0, 39.0, -0.7418834006965799, 0.001
78.0, 41.0, 2.4174930844551423, 0.001
78.0, 42.0, -2.426980534756148, 0.001
78.0, 42.0, -1.7899845112444115, 0.001
78.0, 42.0, 1.9897799426046874, 0.001
78.0, 51.0, -0.2212886245755425, 0.001
78.0, 55.0, -1.769868526366607, 0.001
78.0, 55.0, -0.7663501980939386, 0.001
78.0, 56.0, -1.404068096501316, 0.001
78.0, 59.0, -1.928220894315873, 0.001
78.0, 61.0, -2.3970139998698947, 0.001
78.0, 66.0, 1.3728637291339325, 0.001
78.0, 73.0, -0.8262460750867403, 0.001
78.0, 79.0, 2.8361524312031983, 0.001
78.0, 83.0, -1.8263142478781056, 0.001
78.0, 83.0, -1.4186031129980075, 0.001
78.0, 86.0, 2.084169140566146, 0.001
79.0, 26.0, -1.1491768909873583, 0.001
79.0, 28.0, 2.2738093140010385, 0.001
79.0, 28.0, 2.8324642301806477, 0.001
79.0, 47.0, 2.7717015017689044, 0.001
79.0, 50.0, -2.126024075773439, 0.001
79.0, 55.0, 2.525282661972587, 0.001
79.0, 56.0, -1.6654291566583368, 0.001
79.0, 57.0, 0.8440141096796115, 0.001
79.0, 63.0, -1.5333314385664434, 0.001
79.0, 64.0, -2.5207457881513644, 0.001
79.0, 64.0, -1.083633201258441, 0.001
79.0, 64.0, 2.008000186911923, 0.001
79.0, 66.0, -0.3346729871149591, 0.001
79.0, 75.0, -2.0676023831457573, 0.001
79.0, 77.0, -0.8813273761316341, 0.001
79.0, 77.0, 0.02578700152894071, 0.001
79.0, 78.0, -0.13042839107270096, 0.001
79.0, 79.0, -2.628878014136048, 0.001
79.0, 82.0, -1.8740341196130308, 0.001
79.0, 83.0, -0.9289533892416901, 0.001
80.0, 23.0, 2.6314136219835356, 0.001
80.0, 25.0, -0.8882646730985572, 0.001
80.0, 26.0, -0.8969687462126099, 0.001
80.0, 38.0, 2.1796848969596363, 0.001
80.0, 44.0, 0.7848684959461134, 0.001
80.0, 44.0, 1.944081296822223, 0.001
80.0, 45.0, -3.007680301108014, 0.001
80.0, 45.0, -0.7268706994724359, 0.001
80.0, 50.0, -2.2195400579694016, 0.001
80.0, 59.0, -2.5954840538041477, 0.001
80.0, 60.0, 1.5770454681588995, 0.001
80.0, 60.0, 2.442390926710595, 0.001
80.0, 61.0, -1.6848223746869153, 0.001
80.0, 62.0, -1.6865870587526965, 0.001
80.0, 62.0, 0.5104627251611016, 0.001
80.0, 76.0, -0.36480993403509154, 0.001
80.0, 76.0, 0.7699450980892089, 0.001
80.0, 77.0, 1.3162667852274692, 0.001
80.0, 80.0, 1.027557307128242, 0.001
80.0, 81.0, -1.1995861224089805, 0.001
80.0, 82.0, -1.5347523109489096, 0.001
80.0, 82.0, -0.7890979149294034, 0.001
80.0, 82.0, 1.4622458345087628, 0.001
81.0, 19.0, -2.9434069811348085, 0.001
81.0, 28.0, -0.47100650375376757, 0.001
81.0, 38.0, 2.4376722860724933, 0.001
81.0, 39.0, 0.6163848298943814, 0.001
81.0, 46.0, -0.47577021896099364, 0.001
81.0, 52.0, 1.3682086898766432, 0.001
81.0, 55.0, 0.4657158518047835, 0.001
81.0, 58.0, -3.1366583630682445, 0.001
81.0, 60.0, 1.0052424676169818, 0.001
81.0, 69.0, -2.3623925172488947, 0.001
81.0, 71.0, 3.0755076765018448, 0.001
81.0, 82.0, -1.9964276560786929, 0.001
81.0, 84.0, 1.777779187364853, 0.001
82.0, 20.0, -0.2635015342865704, 0.001
82.0, 20.0, 0.9940129003546665, 0.001
82.0, 24.0, -1.7864880155521188, 0.001
82.0, 25.0, 2.1685747336766084, 0.001
82.0, 27.0, 1.0094410034016046, 0.001
82.0, 39.0, -2.4480156319397666, 0.001
82.0, 48.0, -1.2820056275818619, 0.001
82.0, 51.0, -1.2152468099771292, 0.001
82.0, 55.0, -0.7554066386403357, 0.001
82.0, 62.0, -3.0605734932538122, 0.001
82.0, 69.0, 0.0460512865212208, 0.001
82.0, 70.0, 0.022719295740825995, 0.001
82.0, 74.0, -0.9957637251294589, 0.001
82.0, 77.0, -2.7722975796826197, 0.001
82.0, 77.0, 0.19679878648688698, 0.001
82.0, 78.0, -2.468589511072263, 0.001
82.0, 79.0, -1.915079761747759, 0.001
82.0, 81.0, 1.2803290267331024, 0.001
82.0, 82.0, -0.5189307808939536, 0.001
83.0, 19.0, 0.7554679763951552, 0.001
83.0, 22.0, -0.8068356539460367, 0.001
83.0, 28.0, -1.5131696408472672, 0.001
83.0, 39.0, -0.757538176261061, 0.001
83.0, 40.0, 2.905108745666185, 0.001
83.0, 44.0, 0.5157052664227109, 0.001
83.0, 47.0, -1.7124824752270877, 0.001
83.0, 51.0, -2.558656187306281, 0.001
83.0, 54.0, -2.0109755344350266, 0.001
83.0, 60.0, -2.587671251741649, 0.001
83.0, 70.0, -0.9010666581227404, 0.001
83.0, 78.0, -0.2831591794422527, 0.001
83.0, 78.0, -0.1874714401230522, 0.001
83.0, 84.0, 2.9964910918744745, 0.001
84.0, 19.0, 1.6317612527691994, 0.001
84.0, 20.0, -1.7101551202736591, 0.001
84.0, 22.0, 0.03996624247695412, 0.001
84.0, 24.0, -0.7628001378326795, 0.001
84.0, 38.0, -1.2230170774259534, 0.001
84.0, 47.0, -0.36022920113089474, 0.001
84.0, 49.0, 2.871427814486375, 0.001
84.0, 49.0, 2.926409084673927, 0.001
84.0, 51.0, -2.482910635840589, 0.001
84.0, 52.0, -2.306479533605979, 0.001
84.0, 52.0, 0.04161416973733736, 0.001
84.0, 54.0, -0.22103602406489042, 0.001
84.0, 63.0, 2.125021324442576, 0.001
84.0, 65.0, -2.879063804845859, 0.001
84.0, 65.0, -2.527082014302953, 0.001
84.0, 66.0, -1.0402564512922674, 0.001
84.0, 68.0, 1.5003924008048448, 0.001
84.0, 72.0, -0.09070989158979152, 0.001
84.0, 73.0, -2.3504232228257473, 0.001
84.0, 74.0, -2.0638878485830228, 0.001
84.0, 75.0, -0.5580790992836518, 0.001
84.0, 82.0, -2.322517239771877, 0.001
84.0, 85.0, 3.1165202941846717, 0.001
85.0, 41.0, -2.1266732266408837, 0.001
85.0, 44.0, 1.734146930119453, 0.001
85.0, 46.0, 1.1059251082374286, 0.001
85.0, 64.0, 0.356510526579202, 0.001
85.0, 78.0, 1.6670003946274412, 0.001
85.0, 79.0, 1.5657993749169532, 0.001
85.0, 84.0, -2.4422535069136844, 0.001
86.0, 22.0, -1.4620054727760274, 0.001
86.0, 23.0, 2.937932437688456, 0.001
86.0, 24.0, -0.8860202882241446, 0.001
86.0, 24.0, 0.7453445781192187, 0.001
86.0, 26.0, -2.593766743878736, 0.001
86.0, 59.0, 1.1337787778969062, 0.001
86.0, 61.0, 0.14001706095143576, 0.001
86.0, 64.0, -1.3703686108837403, 0.001
86.0, 65.0, -2.477159786520776, 0.001
86.0, 69.0, -2.4232851780781623, 0.001
86.0, 71.0, -2.6994578677472307, 0.001
86.0, 74.0, 0.7660028755264454, 0.001
86.0, 76.0, -1.6522146040538634, 0.001
86.0, 81.0, 2.188185750390467, 0.001
86.0, 83.0, -1.0980676737202835, 0.001
86.0, 83.0, -0.24994092106632543, 0.001
87.0, 20.0, -1.8028648329624448, 0.001
87.0, 22.0, -2.497102371446051, 0.001
87.0, 24.0, -1.1426915171851515, 0.001
87.0, 27.0, 3.0416394322487084, 0.001
87.0, 41.0, -0.07340487325884212, 0.001
87.0, 52.0, 2.844467996098599, 0.001
87.0, 55.0, 2.9371908152582273, 0.001
87.0, 59.0, 2.5383267561471636, 0.001
87.0, 60.0, 2.4919582027902587, 0.001
87.0, 68.0, -0.08544090935794656, 0.001
87.0, 68.0, 1.0768391080375932, 0.001
87.0, 69.0, -0.9764391066252452, 0.001
87.0, 69.0, -0.37085762131857547, 0.001
87.0, 75.0, 1.0475433044781535, 0.001
87.0, 76.0, 1.1665387264930072, 0.001
87.0, 78.0, 0.892604692270227, 0.001
88.0, 22.0, -1.6210530953256481, 0.001
88.0, 38.0, 0.9574520682697624, 0.001
88.0, 41.0, -0.3512822186289772, 0.001
88.0, 45.0, 1.9499986809477865, 0.001
88.0, 50.0, -0.5498664678841365, 0.001
88.0, 51.0, -0.3417112747045405, 0.001
88.0, 56.0, -1.713593710437843, 0.001
88.0, 60.0, 1.5443185999889588, 0.001
88.0, 61.0, 1.0048601845182203, 0.001
88.0, 62.0, -0.4798851437054868, 0.001
88.0, 63.0, -0.2587908892045977, 0.001
88.0, 70.0, 2.9392054713787097, 0.001
88.0, 72.0, -1.7139152486704161, 0.001
88.0, 77.0, -2.750773194523507, 0.001
89.0, 21.0, -0.4435686903796145, 0.001
89.0, 22.0, -2.3359593247734116, 0.001
89.0, 44.0, -2.0988859937229423, 0.001
89.0, 44.0, -0.6921747980188578, 0.001
89.0, 51.0, 0.46393790813351676, 0.001
89.0, 54.0, 0.608008231532272, 0.001
89.0, 54.0, 1.3126786149886396, 0.001
89.0, 55.0, 0.6921044713955242, 0.001
89.0, 55.0, 1.1136427119009427, 0.001
89.0, 60.0, -0.6218475230393447, 0.001
89.0, 60.0, -0.3779790990994694, 0.001
89.0, 64.0, -1.2801677160705796, 0.001
89.0, 64.0, 0.9673569434596084, 0.001
89.0, 65.0, -2.475140679741871, 0.001
89.0, 68.0, -2.8457019846704914, 0.001
89.0, 68.0, 0.39325217450085664, 0.001
89.0, 77.0, -0.1210031526542419, 0.001
90.0, 22.0, 1.4764128995763375, 0.001
90.0, 27.0, 1.2111047388452194, 0.001
90.0, 40.0, -0.30053739289039244, 0.001
90.0, 42.0, 0.3527993295981721, 0.001
90.0, 45.0, -1.902163038167015, 0.001
90.0, 48.0, -0.6913086721750032, 0.001
90.0, 50.0, 0.1898588391933747, 0.001
90.0, 56.0, -2.0126904892596817, 0.001
90.0, 58.0, -0.24710720548508114, 0.001
90.0, 60.0, -1.1045095194277943, 0.001
90.0, 61.0, 1.3024663176826978, 0.001
90.0, 71.0, -1.6104550326631821, 0.001
90.0, 74.0, 1.3670440259365775, 0.001
90.0, 76.0, -1.1345013170161666, 0.001
91.0, 22.0, -1.5765315578947061, 0.001
91.0, 22.0, 1.816416422902586, 0.001
91.0, 39.0, -1.3626600822155275, 0.001
91.0, 42.0, -2.905925745259249, 0.001
91.0, 42.0, 1.5380335012098816, 0.001
91.0, 43.0, -1.2785360921262996, 0.001
91.0, 43.0, 1.8415599517354302, 0.001
91.0, 45.0, -3.1183017457702316, 0.001
91.0, 55.0, -2.0132217976200333, 0.001
91.0, 56.0, -1.6689689668285497, 0.001
91.0, 58.0, 3.022481772058809, 0.001
91.0, 61.0, -1.6185717243096973, 0.001
91.0, 69.0, -1.011874244116636, 0.001
91.0, 73.0, -1.5370951982575913, 0.001
91.0, 75.0, 0.10674843115733575, 0.001
91.0, 76.0, 1.721729990700951, 0.001
91.0, 78.0, 3.0094349561223668, 0.001
92.0, 38.0, 1.4922765260604773, 0.001
92.0, 39.0, -1.8109386983197953, 0.001
92.0, 42.0, -1.7965722429509288, 0.001
92.0, 51.0, 0.2966682227706502, 0.001
92.0, 51.0, 1.9084228249839248, 0.001
92.0, 57.0, -0.6553847496194133, 0.001
92.0, 63.0, 3.042683455792549, 0.001
92.0, 65.0, 2.3118911183516366, 0.001
92.0, 68.0, 1.9738500113213195, 0.001
92.0, 69.0, -2.673722676271553, 0.001
92.0, 69.0, -0.9603559224604072, 0.001
92.0, 75.0, 0.21025392515044874, 0.001
92.0, 77.0, 1.9680390528417417, 0.001
92.0, 79.0, 1.6427920324984795, 0.001
93.0, 38.0, -0.11139561066126295, 0.001
93.0, 41.0, -1.423688330896059, 0.001
93.0, 43.0, 2.5561057896662454, 0.001
93.0, 44.0, -1.789892104079989, 0.001
93.0, 47.0, -2.0535265861864036, 0.001
93.0, 54.0, -2.070309125388841, 0.001
93.0, 55.0, -0.2954880382339146, 0.001
93.0, 71.0, -2.0428996905648784, 0.001
93.0, 71.0, 2.8500965997252905, 0.001
93.0, 74.0, -0.4176818142498167, 0.001
93.0, 76.0, 3.0211014767412325, 0.001
94.0, 24.0, -1.6268880618292914, 0.001
94.0, 24.0, 0.1652265114417807, 0.001
94.0, 29.0, -2.784616327702184, 0.001
94.0, 31.0, -2.7183147434846817, 0.001
94.0, 32.0, 2.3302598140097137, 0.001
94.0, 35.0, -0.9979735538927743, 0.001
94.0, 40.0, 2.072835068594889, 0.001
94.0, 46.0, -2.53309721645704, 0.001
94.0, 54.0, 2.2666336575541997, 0.001
94.0, 58.0, 3.078081743081801, 0.001
94.0, 60.0, -1.9970639537282722, 0.001
94.0, 62.0, 0.7773107514457179, 0.001
94.0, 63.0, -0.028399966595144648, 0.001
94.0, 67.0, -1.3079962229592534, 0.001
94.0, 70.0, 0.5952293778215056, 0.001
94.0, 71.0, -2.8121004702324433, 0.001
95.0, 27.0, -0.002002294637046651, 0.001
95.0, 35.0, 2.379376664049457, 0.001
95.0, 48.0, -2.0193087219565253, 0.001
95.0, 59.0, -1.851760306568038, 0.001
95.0, 60.0, 0.4651257499150452, 0.001
95.0, 63.0, -2.842398829809974, 0.001
95.0, 73.0, -3.0618493685522203, 0.001
95.0, 78.0, 2.310497759469933, 0.001
96.0, 27.0, 1.4991538524472034, 0.001
96.0, 32.0, -1.2094391508113969, 0.001
96.0, 49.0, -1.8837297443464152, 0.001
96.0, 51.0, -1.8183840988277518, 0.001
96.0, 58.0, 0.5911460546142778, 0.001
96.0, 62.0, -1.3658351766639476, 0.001
96.0, 64.0, 0.133247072740213, 0.001
96.0, 74.0, -0.12880283206314636, 0.001
97.0, 32.0, -2.028074631955086, 0.001
97.0, 33.0, 1.9702637810390853, 0.001
97.0, 38.0, -2.95586649974919, 0.001
97.0, 40.0, -1.1890223216748919, 0.001
97.0, 41.0, -0.9856406488560954, 0.001
97.0, 45.0, 1.5400566885677391, 0.001
97.0, 46.0, -2.9978960288984324, 0.001
97.0, 49.0, 2.8972636607357107, 0.001
97.0, 50.0, -0.6869081570468606, 0.001
97.0, 50.0, 1.0081429195323033, 0.001
97.0, 58.0, 0.8619861215723653, 0.001
97.0, 63.0, -0.1938629841573511, 0.001
97.0, 66.0, 0.467084089757977, 0.001
97.0, 73.0, -1.3087555504771728, 0.001
97.0, 76.0, -2.690035404207014, 0.001
97.0, 76.0, -1.2249177372291207, 0.001
97.0, 76.0, 0.7422532851300145, 0.001
98.0, 37.0, 2.3524021162531916, 0.001
98.0, 38.0, -1.4674453636733784, 0.001
98.0, 40.0, -2.3007854549415976, 0.001
98.0, 40.0, -1.2312357933526454, 0.001
98.0, 41.0, -1.5783940450175427, 0.001
98.0, 43.0, -2.489239449213397, 0.001
98.0, 43.0, 2.7069025976003527, 0.001
98.0, 44.0, -0.6314796537940919, 0.001
98.0, 45.0, 2.9167265736650316, 0.001
98.0, 47.0, -0.8107314951520359, 0.001
98.0, 50.0, -0.4599490839255358, 0.001
98.0, 53.0, -0.898818992011361, 0.001
98.0, 54.0, 2.631248623248022, 0.001
98.0, 57.0, 3.117553032074224, 0.001
98.0, 58.0, -1.1674689733974923, 0.001
98.0, 58.0, 0.8804322797926329, 0.001
98.0, 61.0, -0.4067631896067006, 0.001
98.0, 62.0, 0.42019239731957664, 0.001
98.0, 62.0, 1.2007626122435786, 0.001
98.0, 62.0, 2.2656781740866156, 0.001
98.0, 68.0, -0.8438667989100396, 0.001
98.0, 69.0, 0.6558949617803072, 0.001
98.0, 71.0, -0.317193496857317, 0.001
98.0, 76.0, -0.4681477628591002, 0.001
99.0, 30.0, -2.216123718719922, 0.001
99.0, 36.0, -2.726375646728722, 0.001
99.0, 36.0, -0.9773703887659986, 0.001
99.0, 38.0, -2.9888584480919262, 0.001
99.0, 39.0, 1.6893989267983218, 0.001
99.0, 41.0, 2.9426262495141393, 0.001
99.0, 44.0, -1.7470879906784567, 0.001
99.0, 44.0, -0.7998901662252782, 0.001
99.0, 46.0, -2.7121754841982666, 0.001
99.0, 53.0, 1.4412967785507307, 0.001
99.0, 59.0, 2.9844134947486127, 0.001
99.0, 64.0, -1.3189080469494734, 0.001
99.0, 70.0, 1.4277889383306002, 0.001
99.0, 74.0, 0.992929553148322, 0.001
99.0, 74.0, 2.0581983590614046, 0.001
100.0, 32.0, 0.16222904611033445, 0.001
100.0, 41.0, -3.0035666629071125, 0.001
100.0, 42.0, 3.126904166552208, 0.001
100.0, 44.0, -0.07307159897597823, 0.001
100.0, 46.0, 2.015542648738417, 0.001
100.0, 52.0, -2.5413688711513904, 0.001
100.0, 53.0, -1.8543126929473281, 0.001
100.0, 55.0, -2.0848848752425284, 0.001
100.0, 65.0, 0.7646210661860354, 0.001
100.0, 68.0, 2.4727617876545165, 0.001
100.0, 74.0, 1.9124034100719638, 0.001
101.0, 37.0, 2.801228267812317, 0.001
101.0, 47.0, 0.5436706623059028, 0.001
101.0, 51.0, -1.654923752540194, 0.001
101.0, 53.0, -1.7954174026569139, 0.001
101.0, 57.0, -0.8155500998781213, 0.001
101.0, 57.0, 0.4607008195695432, 0.001
101.0, 67.0, -0.421086971790514, 0.001
102.0, 33.0, -1.7360203100713831, 0.001
102.0, 37.0, 2.3861922023643807, 0.001
102.0, 40.0, -2.3373875410681655, 0.001
102.0, 47.0, 1.8734403273209617, 0.001
102.0, 49.0, 0.3787778708391565, 0.001
102.0, 51.0, 1.6570326793836374, 0.001
102.0, 52.0, -2.1964310287741506, 0.001
102.0, 62.0, -1.9886322223929112, 0.001
102.0, 62.0, 2.011656402825541, 0.001
102.0, 69.0, 2.7494382688735532, 0.001
103.0, 38.0, 1.2657559171304915, 0.001
103.0, 39.0, 1.914538112357429, 0.001
103.0, 42.0, -2.42858128000198, 0.001
103.0, 43.0, -1.942561201853381, 0.001
103.0, 63.0, -0.6995975326575908, 0.001
103.0, 64.0, 0.47797873339847036, 0.001
104.0, 37.0, -2.0372071247554597, 0.001
104.0, 40.0, 0.5051579096915368, 0.001
104.0, 42.0, -0.3305667856412642, 0.001
104.0, 42.0, -0.16226515722073484, 0.001
104.0, 45.0, -0.8554260064425608, 0.001
104.0, 46.0, 1.207011319338947, 0.001
104.0, 46.0, 2.2154379702655853, 0.001
104.0, 47.0, 2.4252401326036885, 0.001
104.0, 55.0, -2.1537866209758305, 0.001
104.0, 58.0, -0.4178661796291104, 0.001
104.0, 62.0, -2.866426191805387, 0.001
104.0, 68.0, -0.04459771369271638, 0.001
105.0, 40.0, 2.636678610653614, 0.001
105.0, 45.0, -1.4691663982321481, 0.001
105.0, 46.0, -2.403138153666157, 0.001
105.0, 46.0, 0.29479387951426833, 0.001
105.0, 49.0, -2.991421498766614, 0.001
105.0, 58.0, -0.4016864291981289, 0.001
105.0, 64.0, -0.7686636056683344, 0.001
105.0, 66.0, 2.385372527194779, 0.001
106.0, 55.0, 1.4042006654664279, 0.001
107.0, 45.0, 1.037359023642206, 0.001
107.0, 49.0, 2.7655821702737793, 0.001
107.0, 53.0, 2.0605555843077648, 0.001
107.0, 57.0, -2.0425773341446716, 0.001
107.0, 59.0, -0.9597970264038358, 0.001
107.0, 59.0, 2.295752457121158, 0.001
(1000, 4), 0
------------------------------------
